1|False|white auxiliary global Neck|Bernhardtown|Guinea|HOUSE|1|1|7|https://loremflickr.com/1280/720/puppies/any?lock=128463012,https://loremflickr.com/1280/720/puppies/any?lock=1470468370,https://loremflickr.com/1280/720/puppies/any?lock=293110988,https://loremflickr.com/1280/720/puppies/any?lock=598939491,https://loremflickr.com/1280/720/puppies/any?lock=382259840|1
2|False|Cambridgeshire Specialist Representative mobile|East Edmundchester|Guam|HOUSE|2|4|7|https://loremflickr.com/1280/720/puppies/any?lock=2001921813,https://loremflickr.com/1280/720/puppies/any?lock=198109309,https://loremflickr.com/1280/720/puppies/any?lock=25701147,https://loremflickr.com/1280/720/puppies/any?lock=1542171627,https://loremflickr.com/1280/720/puppies/any?lock=314959524|1
3|False|client-server Metal Cambridgeshire Euro|West Kendrickville|Guinea|HOUSE|2|1|3|https://loremflickr.com/1280/720/puppies/any?lock=11024416,https://loremflickr.com/1280/720/puppies/any?lock=181624952,https://loremflickr.com/1280/720/puppies/any?lock=655355350,https://loremflickr.com/1280/720/puppies/any?lock=1348030986,https://loremflickr.com/1280/720/puppies/any?lock=1009645218|1
4|False|white Tasty circuit Armenian Dram|Alethafort|French Southern Territories|COTTAGE|5|9|5|https://loremflickr.com/1280/720/puppies/any?lock=1570760130,https://loremflickr.com/1280/720/puppies/any?lock=1400293370,https://loremflickr.com/1280/720/puppies/any?lock=857039398,https://loremflickr.com/1280/720/puppies/any?lock=2140996364,https://loremflickr.com/1280/720/puppies/any?lock=381939120|1
5|False|transmitter withdrawal Engineer applications|New London|Cayman Islands|APARTMENT|3|8|5|https://loremflickr.com/1280/720/puppies/any?lock=197770525,https://loremflickr.com/1280/720/puppies/any?lock=384388749,https://loremflickr.com/1280/720/puppies/any?lock=1062971028,https://loremflickr.com/1280/720/puppies/any?lock=1914780107,https://loremflickr.com/1280/720/puppies/any?lock=481768112|1
6|False|Product white deposit Trail|North Jackyshire|Malta|HOUSE|5|5|6|https://loremflickr.com/1280/720/puppies/any?lock=1316897796,https://loremflickr.com/1280/720/puppies/any?lock=1026179378,https://loremflickr.com/1280/720/puppies/any?lock=1265325138,https://loremflickr.com/1280/720/puppies/any?lock=1918374486,https://loremflickr.com/1280/720/puppies/any?lock=1190063022|1
7|False|encoding parsing Rustic Wooden Car innovative|North Robbie|Svalbard & Jan Mayen Islands|COTTAGE|5|5|5|https://loremflickr.com/1280/720/puppies/any?lock=1051187470,https://loremflickr.com/1280/720/puppies/any?lock=2136021531,https://loremflickr.com/1280/720/puppies/any?lock=229014327,https://loremflickr.com/1280/720/puppies/any?lock=1725829256,https://loremflickr.com/1280/720/puppies/any?lock=1493597963|1
8|False|connecting Small white Table District Extensions|Lake Ricomouth|Tunisia|HOUSE|2|2|4|https://loremflickr.com/1280/720/puppies/any?lock=62238522,https://loremflickr.com/1280/720/puppies/any?lock=448612332,https://loremflickr.com/1280/720/puppies/any?lock=531602382,https://loremflickr.com/1280/720/puppies/any?lock=1975699337,https://loremflickr.com/1280/720/puppies/any?lock=1479113346|1
9|False|paradigm Gorgeous Granite Mouse Nicaragua feed|Stehrview|Saint Helena|COTTAGE|4|9|3|https://loremflickr.com/1280/720/puppies/any?lock=478401970,https://loremflickr.com/1280/720/puppies/any?lock=999409971,https://loremflickr.com/1280/720/puppies/any?lock=509305347,https://loremflickr.com/1280/720/puppies/any?lock=1291681895,https://loremflickr.com/1280/720/puppies/any?lock=198747718|1
10|False|Cambridgeshire synthesizing optimize non-volatile|Lake Jannie|Guinea|HOUSE|4|9|3|https://loremflickr.com/1280/720/puppies/any?lock=1092919368,https://loremflickr.com/1280/720/puppies/any?lock=1199772679,https://loremflickr.com/1280/720/puppies/any?lock=620272608,https://loremflickr.com/1280/720/puppies/any?lock=1373876729,https://loremflickr.com/1280/720/puppies/any?lock=1958615467|1
11|False|archive Bermuda Personal Loan Account Auto Loan Account|North Missouriberg|Heard Island and McDonald Islands|HOUSE|4|1|3|https://loremflickr.com/1280/720/puppies/any?lock=1721769835,https://loremflickr.com/1280/720/puppies/any?lock=1969477465,https://loremflickr.com/1280/720/puppies/any?lock=638271332,https://loremflickr.com/1280/720/puppies/any?lock=740014094,https://loremflickr.com/1280/720/puppies/any?lock=1342488317|1
12|False|Rustic Wooden Hat Future transition exuding|East Virgieland|Indonesia|HOUSE|5|6|7|https://loremflickr.com/1280/720/puppies/any?lock=1870437153,https://loremflickr.com/1280/720/puppies/any?lock=257846668,https://loremflickr.com/1280/720/puppies/any?lock=947982278,https://loremflickr.com/1280/720/puppies/any?lock=2057774527,https://loremflickr.com/1280/720/puppies/any?lock=1287862197|1
